{"cameraMode":{"drawMode":0,"name":"Shaded","section":"Shading Mode"},"sceneLighting":true,"audioPlay":false,"sceneViewState":{"showFog":false,"showMaterialUpdate":false,"showSkybox":false,"showFlares":false,"showImageEffects":false,"showParticleSystems":false},"in2DMode":false,"pivot":{"x":-1.8855419158935547,"y":2.086045742034912,"z":-5.31992769241333},"rotation":{"x":0.003998355474323034,"y":-0.29924455285072329,"z":-0.0012540543684735895,"w":-0.954169750213623},"size":223.791259765625,"orthographic":false}