{"cameraMode":{"drawMode":0,"name":"Shaded","section":"Shading Mode"},"sceneLighting":true,"audioPlay":false,"sceneViewState":{"showFog":false,"showMaterialUpdate":false,"showSkybox":false,"showFlares":false,"showImageEffects":false,"showParticleSystems":false},"in2DMode":false,"pivot":{"x":0.6774674654006958,"y":4.340126991271973,"z":-0.013536836951971054},"rotation":{"x":0.0011902102269232274,"y":-0.002402206417173147,"z":-0.0000025674160042399309,"w":-1.0000015497207642},"size":24.258508682250978,"orthographic":false}