{"cameraMode":{"drawMode":0,"name":"Shaded","section":"Shading Mode"},"sceneLighting":true,"audioPlay":false,"sceneViewState":{"showFog":false,"showMaterialUpdate":false,"showSkybox":false,"showFlares":false,"showImageEffects":false,"showParticleSystems":false},"in2DMode":false,"pivot":{"x":12.482616424560547,"y":3.205587863922119,"z":0.14707466959953309},"rotation":{"x":-0.09165354073047638,"y":0.024491602554917337,"z":-0.0022548662964254619,"w":-0.9954911470413208},"size":19.648958206176759,"orthographic":false}