{"cameraMode":{"drawMode":0,"name":"Shaded","section":"Shading Mode"},"sceneLighting":true,"audioPlay":false,"sceneViewState":{"showFog":false,"showMaterialUpdate":false,"showSkybox":false,"showFlares":false,"showImageEffects":false,"showParticleSystems":false},"in2DMode":false,"pivot":{"x":-0.9866341352462769,"y":4.856935501098633,"z":4.263280391693115},"rotation":{"x":0.011689993552863598,"y":-0.005402746144682169,"z":-0.0000634512907708995,"w":-0.9999205470085144},"size":10.659646034240723,"orthographic":false}